Country,Revenue,Revenue_Percentage
United Kingdom,9025222.084,84.61131522893568
Netherlands,285446.34,2.6760549524319
EIRE,283453.96,2.6573764212371183
Germany,228867.14,2.14562584143109
France,209715.11,1.9660758611068567
Australia,138521.31,1.2986351047375646
Spain,61577.11,0.5772844387212807
Switzerland,57089.9,0.5352169154764497
Belgium,41196.34,0.3862150402035926
Sweden,38378.33,0.35979624073150057
Japan,37416.369999999995,0.35077788084627165
Norway,36165.44,0.3390504317514764
Portugal,33747.1,0.3163785322495799
Finland,22546.08,0.21136914574531174
Singapore,21279.29,0.19949300939971626
Channel Islands,20450.44,0.19172255367300003
Denmark,18955.34,0.1777060146647194
Italy,17483.24,0.16390510029505193
Hong Kong,15691.800000000001,0.14711037844300576
Cyprus,13590.38,0.12740959896151213
Austria,10198.68,0.09561246475350908
Israel,8135.26,0.07626793467494149
Poland,7334.65,0.06876222850450502
Greece,4760.52,0.044629800200454865
Unspecified,4749.79,0.04452920661904971
Iceland,4310.0,0.0404061822792385
Canada,3666.38,0.0343722548921008
USA,3580.39,0.03356609999321641
Malta,2725.59,0.025552363424238903
United Arab Emirates,1902.28,0.017833845110475595
Lebanon,1693.88,0.015880098384955108
Lithuania,1661.06,0.01557241140063849
European Community,1300.25,0.012189823319856116
Brazil,1143.6,0.010721232031215116
RSA,1002.3100000000001,0.00939664050123052
Czech Republic,826.74,0.0077506745098695215
Bahrain,754.14,0.0070700506505951095
Saudi Arabia,145.92,0.0013679977072358427
